{"waypoints": [[[-3.107343912124634, -0.0023172255605459213, -0.004733087494969368], [-6.1765851974487305, -0.2692272663116455, 0.0035702018067240715], [-9.264225959777832, -0.48548489809036255, 0.008267492055892944], [-12.273917198181152, -1.0192792415618896, 0.0009889975190162659], [-15.247126579284668, -0.9711728096008301, -0.003418908454477787]]], "x_traj": [[[0.0, 0.0, 0.0, 0.0, 0.0, 0.0, 1.0], [-1.1138460636138916, -8.940696716308594e-08, 0.0, 0.0, 0.0, 0.16873690485954285, 0.9856611490249634], [-0.03381679952144623, 0.3809480667114258, 0.0, 0.0, 0.0, -0.47397273778915405, 0.8805395364761353], [-1.305769920349121, 2.308866262435913, 0.0, 0.0, 0.0, 0.994854748249054, 0.10131145268678665], [2.076002836227417, 1.6128802299499512, 0.0, 0.0, 0.0, -0.08396439254283905, 0.996468722820282], [11.921377182006836, -0.058165550231933594, 0.0, -0.0, -0.0, -0.9491931796073914, 0.31469398736953735], [9.312633514404297, -2.001579523086548, 0.0, 0.0, 0.0, 0.5079563856124878, 0.861382782459259], [17.113916397094727, 12.104572296142578, 0.0, -0.0, -0.0, -0.7751821279525757, 0.6317378282546997], [19.331701278686523, 22.86764144897461, 0.0, 0.0, 0.0, -0.042675673961639404, 0.9990890026092529], [68.38463592529297, 18.669437408447266, 0.0, -0.0, -0.0, -0.9995372295379639, 0.030421525239944458], [-1.9173738956451416, 14.386101722717285, 0.0, -0.0, -0.0, -0.9570248126983643, 0.29000627994537354], [4.463672637939453, 18.644411087036133, 0.0, 0.0, 0.0, 0.8646970987319946, 0.5022936463356018], [55.78532791137695, -71.34564208984375, 0.0, 0.0, 0.0, 0.6525512337684631, 0.7577446103096008], [72.108154296875, 37.46329116821289, 0.0, -0.0, -0.0, -0.8412980437278748, 0.5405715703964233], [72.108154296875, 37.463294982910156, 0.0, 0.0, 0.0, -0.8412980437278748, 0.5405715703964233]]], "cost": [18178.908203125]}