{"waypoints": [[[2.0021138191223145, 0.04499003291130066, 0.0033723581582307816], [3.9853670597076416, 0.09466864168643951, 0.008144519291818142], [5.974184036254883, 0.12332271039485931, -0.0030948445200920105], [7.954977035522461, 0.19604842364788055, -0.0010754521936178207], [9.94642448425293, 0.27163171768188477, 0.0016061505302786827]]], "x_traj": [[[0.0, 0.0, 0.0, 0.0, 0.0, 0.0, 1.0], [0.14130206406116486, -1.7188722267746925e-07, 0.0, 0.0, 0.0, 0.004343979060649872, 0.9999905824661255], [0.34320953488349915, 0.0017543588764965534, 0.0, 0.0, 0.0, 0.004949033726006746, 0.999987781047821], [1.4987331628799438, 0.013193182647228241, 0.0, 0.0, 0.0, 0.025166304782032967, 0.9996832609176636], [2.008653402328491, 0.0388837531208992, 0.0, 0.0, 0.0, 0.0047055138275027275, 0.9999889135360718], [3.4810452461242676, 0.05273980647325516, 0.0, 0.0, 0.0, 0.020296163856983185, 0.9997940063476562], [3.996504545211792, 0.07367781549692154, 0.0, 0.0, 0.0, 0.017716431990265846, 0.9998430609703064], [5.466732501983643, 0.12578783929347992, 0.0, 0.0, 0.0, 0.00599345937371254, 0.9999820590019226], [5.982046604156494, 0.13196223974227905, 0.0, 0.0, 0.0, 0.019060423597693443, 0.9998183250427246], [7.450740814208984, 0.187985360622406, 0.0, 0.0, 0.0, 0.019271332770586014, 0.9998142719268799], [7.964215278625488, 0.20778262615203857, 0.0, 0.0, 0.0, 0.012786815874278545, 0.9999182224273682], [9.298090934753418, 0.24190814793109894, 0.0, 0.0, 0.0, 0.031014233827590942, 0.9995189309120178], [9.613110542297363, 0.261473149061203, 0.0, 0.0, 0.0, 0.0033962782472372055, 0.9999942183494568], [9.938568115234375, 0.2636883854866028, 0.0, 0.0, 0.0, 0.025775406509637833, 0.999667763710022], [9.938569068908691, 0.2636928856372833, 0.0, 0.0, 0.0, 0.025775406509637833, 0.999667763710022]]], "cost": [0.05824108049273491]}