{"waypoints": [[[2.9403834342956543, -0.10234136134386063, 0.005046417936682701], [5.839266300201416, -0.32798391580581665, 0.012362285517156124], [8.752862930297852, -0.5972508788108826, -0.005505383014678955], [11.656871795654297, -0.7872625589370728, -0.0013316404074430466], [14.58428955078125, -0.8656423687934875, 0.001834913156926632]]], "x_traj": [[[0.0, 0.0, 0.0, 0.0, 0.0, 0.0, 1.0], [0.20746544003486633, 2.9848888516426086e-07, 0.0, 0.0, 0.0, -0.00990422535687685, 0.9999509453773499], [0.5040162801742554, -0.005875403992831707, 0.0, 0.0, 0.0, -0.009147326461970806, 0.9999581575393677], [2.199862480163574, -0.03690437972545624, 0.0, 0.0, 0.0, -0.05517088249325752, 0.9984769225120544], [2.9461448192596436, -0.11962899565696716, 0.0, 0.0, 0.0, -0.009246718138456345, 0.999957263469696], [5.107821464538574, -0.15961115062236786, 0.0, 0.0, 0.0, -0.06455498188734055, 0.9979141354560852], [5.864868640899658, -0.257968544960022, 0.0, 0.0, 0.0, -0.0673961415886879, 0.9977262616157532], [8.007941246032715, -0.5488259196281433, 0.0, 0.0, 0.0, -0.04487993195652962, 0.998992383480072], [8.761890411376953, -0.6167083382606506, 0.0, 0.0, 0.0, -0.02565320022404194, 0.9996709227561951], [10.918292045593262, -0.7274627685546875, 0.0, 0.0, 0.0, -0.023548772558569908, 0.9997226595878601], [11.6712064743042, -0.7629572153091431, 0.0, 0.0, 0.0, -0.039005424827337265, 0.9992389678955078], [13.629377365112305, -0.9160637855529785, 0.0, 0.0, 0.0, 0.008226794190704823, 0.9999661445617676], [14.09420394897461, -0.9082092046737671, 0.0, 0.0, 0.0, 0.0005386612028814852, 0.9999998807907104], [14.57136058807373, -0.9076987504959106, 0.0, 0.0, 0.0, -0.011817394755780697, 0.999930202960968], [14.571361541748047, -0.9077023267745972, 0.0, 0.0, 0.0, -0.011817394755780697, 0.999930202960968]]], "cost": [0.14298291504383087]}