{"waypoints": [[[-1.9355313777923584, -2.4796571731567383, 0.005318202078342438], [-3.156336784362793, -5.368247985839844, 0.009062123484909534], [-3.5484261512756348, -8.462905883789062, -0.02584955096244812], [-3.587212085723877, -11.553861618041992, 0.0018661841750144958], [-3.393810272216797, -14.694279670715332, -8.454360067844391e-05]]], "x_traj": [[[0.0, 0.0, 0.0, 0.0, 0.0, 0.0, 1.0], [-0.6519641280174255, 1.4901161193847656e-08, 0.0, 0.0, 0.0, -0.17700539529323578, 0.9842098951339722], [-0.11923938244581223, -0.19802077114582062, 0.0, 0.0, 0.0, -0.43989095091819763, 0.8980512022972107], [0.8322155475616455, -1.4243574142456055, 0.0, 0.0, 0.0, -0.9997139573097229, 0.02391308732330799], [-0.9061841368675232, -1.5075697898864746, 0.0, 0.0, 0.0, -0.896583080291748, 0.44287556409835815], [2.815685272216797, 3.3560333251953125, 0.0, -0.0, -0.0, 0.9710813164710999, 0.23874910175800323], [2.832667350769043, 3.3471455574035645, 0.0, 0.0, 0.0, 0.6165710687637329, 0.7872992157936096], [-0.4627631902694702, -10.001367568969727, 0.0, -0.0, -0.0, 0.1869940459728241, 0.9823610782623291], [-32.11219024658203, -22.503402709960938, 0.0, 0.0, 0.0, -0.6026344299316406, 0.7980173826217651], [-30.09243392944336, -29.602092742919922, 0.0, 0.0, 0.0, 0.6660943031311035, 0.7458674907684326], [-29.889257431030273, -27.809762954711914, 0.0, 0.0, 0.0, 0.7730182409286499, 0.6343837976455688], [-22.300819396972656, -65.95452880859375, 0.0, 0.0, 0.0, 0.827587902545929, 0.5613361597061157], [-18.144344329833984, -76.39743041992188, 0.0, -0.0, -0.0, -0.7073320150375366, 0.7068815231323242], [-18.127758026123047, -50.364501953125, 0.0, 0.0, 0.0, -0.501541793346405, 0.8651334047317505], [-18.127758026123047, -50.364501953125, 0.0, 0.0, 0.0, -0.501541793346405, 0.8651334047317505]]], "cost": [8959.6884765625]}