{"waypoints": [[[1.729774832725525, -0.010996771976351738, 0.003024974837899208], [3.4431920051574707, 0.0015802662819623947, 0.0072424327954649925], [5.16265869140625, 0.015841912478208542, -0.0028765425086021423], [6.8726806640625, 0.0838826447725296, -0.000454707071185112], [8.591592788696289, 0.19164712727069855, -0.00037056300789117813]]], "x_traj": [[[0.0, 0.0, 0.0, 0.0, 0.0, 0.0, 1.0], [0.12214463949203491, 1.2808595784008503e-07, 0.0, 0.0, 0.0, -0.0005730850389227271, 0.9999998211860657], [0.29654020071029663, -0.00019671570044010878, 0.0, 0.0, 0.0, -0.0009817072423174977, 0.9999995231628418], [1.2951291799545288, -0.0021494997199624777, 0.0, 0.0, 0.0, -0.002598287770524621, 0.9999966025352478], [1.7353767156600952, -0.0043951054103672504, 0.0, 0.0, 0.0, 0.00028709907201118767, 0.9999999403953552], [3.006880044937134, -0.00367090106010437, 0.0, 0.0, 0.0, 0.007361727766692638, 0.9999728798866272], [3.4522500038146973, 0.0029073008336126804, 0.0, 0.0, 0.0, -0.0005208463408052921, 0.9999998807907104], [4.723953723907471, 0.0015867799520492554, 0.0, 0.0, 0.0, 0.016340572386980057, 0.9998664855957031], [5.169528961181641, 0.016160838305950165, 0.0, 0.0, 0.0, 0.0098334401845932, 0.9999516606330872], [6.438106060028076, 0.04111510515213013, 0.0, 0.0, 0.0, 0.03664170578122139, 0.9993284344673157], [6.881705284118652, 0.07369153946638107, 0.0, 0.0, 0.0, 0.021380610764026642, 0.9997714161872864], [8.033576965332031, 0.12298277020454407, 0.0, 0.0, 0.0, 0.05350233614444733, 0.9985677003860474], [8.306358337402344, 0.15229490399360657, 0.0, 0.0, 0.0, 0.018057499080896378, 0.9998369216918945], [8.586252212524414, 0.16240955889225006, 0.0, 0.0, 0.0, 0.04533223807811737, 0.9989719390869141], [8.586251258850098, 0.16241087019443512, 0.0, 0.0, 0.0, 0.04533223807811737, 0.9989719390869141]]], "cost": [0.04587409645318985]}