{"waypoints": [[[2.3432042598724365, -0.028559355065226555, 0.004044337198138237], [4.660769462585449, -0.10654040426015854, 0.009864992462098598], [6.987679481506348, -0.1796557754278183, -0.004347022622823715], [9.30588150024414, -0.1189592033624649, -0.0007214229553937912], [11.632855415344238, 0.12166184186935425, 0.000963105820119381]]], "x_traj": [[[0.0, 0.0, 0.0, 0.0, 0.0, 0.0, 1.0], [0.16543669998645782, -3.1583476811647415e-07, 0.0, 0.0, 0.0, -0.003242534352466464, 0.9999947547912598], [0.40168243646621704, -0.0015311032766476274, 0.0, 0.0, 0.0, -0.0032174319494515657, 0.9999948143959045], [1.7539687156677246, -0.010232096537947655, 0.0, 0.0, 0.0, -0.01941903680562973, 0.9998114109039307], [2.350076675415039, -0.03340016305446625, 0.0, 0.0, 0.0, -0.005100032780319452, 0.999987006187439], [4.071568965911865, -0.05096013844013214, 0.0, 0.0, 0.0, -0.028454171493649483, 0.9995951056480408], [4.674609184265137, -0.08532430231571198, 0.0, 0.0, 0.0, -0.01618202216923237, 0.9998690485954285], [6.394881725311279, -0.14101523160934448, 0.0, 0.0, 0.0, -0.010901008732616901, 0.9999405741691589], [6.996702671051025, -0.15412527322769165, 0.0, 0.0, 0.0, -0.006411669310182333, 0.9999794363975525], [8.71552848815918, -0.17616713047027588, 0.0, 0.0, 0.0, 0.049662034958601, 0.9987660646438599], [9.311050415039062, -0.1167975515127182, 0.0, 0.0, 0.0, 0.019909057766199112, 0.9998018145561218], [10.88171100616455, -0.054219603538513184, 0.0, 0.0, 0.0, 0.10660966485738754, 0.9943009614944458], [11.24400806427002, 0.02437913417816162, 0.0, 0.0, 0.0, 0.02882755547761917, 0.9995843768119812], [11.633989334106445, 0.046892642974853516, 0.0, 0.0, 0.0, 0.07690270245075226, 0.9970386028289795], [11.633989334106445, 0.046893537044525146, 0.0, 0.0, 0.0, 0.07690270990133286, 0.9970386028289795]]], "cost": [0.09993203729391098]}