{"waypoints": [[[2.8336429595947266, -0.007525308057665825, 0.0047363173216581345], [5.63637638092041, -0.09792264550924301, 0.011624111793935299], [8.452465057373047, -0.20537036657333374, -0.005271986126899719], [11.255688667297363, -0.20776613056659698, -0.0008936207741498947], [14.075021743774414, -0.10131949186325073, 0.000966428779065609]]], "x_traj": [[[0.0, 0.0, 0.0, 0.0, 0.0, 0.0, 1.0], [0.20009282231330872, -6.919435691088438e-07, 0.0, 0.0, 0.0, -0.0014322735369205475, 0.9999989867210388], [0.48576855659484863, -0.0008192426757887006, 0.0, 0.0, 0.0, -0.0012204800732433796, 0.9999992847442627], [2.121286630630493, -0.004811372607946396, 0.0, 0.0, 0.0, -0.009861313737928867, 0.9999513626098633], [2.8420844078063965, -0.01903385855257511, 0.0, 0.0, 0.0, -0.006292660254985094, 0.9999802112579346], [4.923410415649414, -0.045232199132442474, 0.0, 0.0, 0.0, -0.03007316216826439, 0.9995477199554443], [5.652306079864502, -0.08913598954677582, 0.0, 0.0, 0.0, -0.012700840830802917, 0.9999193549156189], [7.735419750213623, -0.142065167427063, 0.0, 0.0, 0.0, -0.024363849312067032, 0.9997031688690186], [8.4644193649292, -0.1776144951581955, 0.0, 0.0, 0.0, -0.012935129925608635, 0.9999163150787354], [10.541754722595215, -0.23137159645557404, 0.0, 0.0, 0.0, 0.023329921066761017, 0.9997278451919556], [11.263662338256836, -0.19757400453090668, 0.0, 0.0, 0.0, 0.0011922270059585571, 0.9999992847442627], [13.15882396697998, -0.1930566430091858, 0.0, 0.0, 0.0, 0.054992977529764175, 0.9984867572784424], [13.600905418395996, -0.14420479536056519, 0.0, 0.0, 0.0, 0.005464345682412386, 0.9999850988388062], [14.066256523132324, -0.13911128044128418, 0.0, 0.0, 0.0, 0.03135398402810097, 0.9995083212852478], [14.066256523132324, -0.13910365104675293, 0.0, 0.0, 0.0, 0.03135398402810097, 0.9995083212852478]]], "cost": [0.12012728303670883]}