{"waypoints": [[[2.243046760559082, -0.027810772880911827, 0.0038468334823846817], [4.460816860198975, -0.10742989927530289, 0.009518607519567013], [6.687863826751709, -0.1616756021976471, -0.0038805417716503143], [8.907288551330566, -0.07402656972408295, -0.0008329730480909348], [11.135151863098145, 0.16616091132164001, 0.001321881078183651]]], "x_traj": [[[0.0, 0.0, 0.0, 0.0, 0.0, 0.0, 1.0], [0.1583617627620697, -2.4528708308935165e-07, 0.0, 0.0, 0.0, -0.003251889953389764, 0.999994695186615], [0.3845100700855255, -0.0014696461148560047, 0.0, 0.0, 0.0, -0.003268253756687045, 0.9999946355819702], [1.678920030593872, -0.009931644424796104, 0.0, 0.0, 0.0, -0.01971927098929882, 0.9998055696487427], [2.249516487121582, -0.03244508430361748, 0.0, 0.0, 0.0, -0.005416007712483406, 0.9999853372573853], [3.897097110748291, -0.05029185116291046, 0.0, 0.0, 0.0, -0.02886190265417099, 0.9995834231376648], [4.474172592163086, -0.08364887535572052, 0.0, 0.0, 0.0, -0.01365612167865038, 0.9999067783355713], [6.120461940765381, -0.1286299079656601, 0.0, 0.0, 0.0, -0.0040812306106090546, 0.9999916553497314], [6.695699214935303, -0.1333201825618744, 0.0, 0.0, 0.0, -0.005239466670900583, 0.9999862909317017], [8.342098236083984, -0.1505730152130127, 0.0, 0.0, 0.0, 0.0621676929295063, 0.998065710067749], [8.911046028137207, -0.07942424714565277, 0.0, 0.0, 0.0, 0.02151789888739586, 0.9997684359550476], [10.417757034301758, -0.014537692070007324, 0.0, 0.0, 0.0, 0.1108051985502243, 0.9938421249389648], [10.767805099487305, 0.06450125575065613, 0.0, 0.0, 0.0, 0.03365284949541092, 0.9994335770606995], [11.137540817260742, 0.08943027257919312, 0.0, 0.0, 0.0, 0.0816725492477417, 0.9966592192649841], [11.137539863586426, 0.08943164348602295, 0.0, 0.0, 0.0, 0.0816725492477417, 0.9966592192649841]]], "cost": [0.09700210392475128]}