{"waypoints": [[[2.464733839035034, -0.009417613968253136, 0.004222923889756203], [4.903242588043213, -0.0819903090596199, 0.01028998102992773], [7.35117769241333, -0.16687506437301636, -0.00446242094039917], [9.788705825805664, -0.12541790306568146, -0.0008069928735494614], [12.23747444152832, 0.09854386746883392, 0.0009601255878806114]]], "x_traj": [[[0.0, 0.0, 0.0, 0.0, 0.0, 0.0, 1.0], [0.1740412712097168, 1.204607542604208e-07, 0.0, 0.0, 0.0, -0.0016012833220884204, 0.9999987483024597], [0.42252498865127563, -0.0007947665872052312, 0.0, 0.0, 0.0, -0.0014350689016282558, 0.9999989867210388], [1.8451294898986816, -0.004875537008047104, 0.0, 0.0, 0.0, -0.010656462982296944, 0.999943196773529], [2.472155809402466, -0.018238721415400505, 0.0, 0.0, 0.0, -0.0052990480326116085, 0.9999859929084778], [4.282751083374023, -0.03743009269237518, 0.0, 0.0, 0.0, -0.02715214528143406, 0.9996312856674194], [4.916886329650879, -0.07190375030040741, 0.0, 0.0, 0.0, -0.010434051975607872, 0.9999455809593201], [6.72796630859375, -0.1097041517496109, 0.0, 0.0, 0.0, -0.019468557089567184, 0.9998104572296143], [7.36167573928833, -0.1344040185213089, 0.0, 0.0, 0.0, -0.008319755084812641, 0.9999653697013855], [9.167847633361816, -0.1644580066204071, 0.0, 0.0, 0.0, 0.04044805094599724, 0.9991816282272339], [9.793147087097168, -0.11375448107719421, 0.0, 0.0, 0.0, 0.014682233333587646, 0.9998922348022461], [11.445016860961914, -0.06523096561431885, 0.0, 0.0, 0.0, 0.09994801878929138, 0.9949926733970642], [11.82307243347168, 0.011496409773826599, 0.0, 0.0, 0.0, 0.02074400708079338, 0.9997848272323608], [12.236881256103516, 0.02867758274078369, 0.0, 0.0, 0.0, 0.06867355853319168, 0.9976391792297363], [12.236882209777832, 0.028679370880126953, 0.0, 0.0, 0.0, 0.06867356598377228, 0.9976391792297363]]], "cost": [0.10494716465473175]}