{"waypoints": [[[2.761810064315796, -1.332858681678772, 0.0066513847559690475], [5.399726867675781, -2.860478162765503, 0.016823381185531616], [8.137676239013672, -4.259893894195557, -0.002286471426486969], [10.982640266418457, -5.457261085510254, -0.0010268371552228928], [14.043132781982422, -5.996557235717773, 0.004247947596013546]]], "x_traj": [[[0.0, 0.0, 0.0, 0.0, 0.0, 0.0, 1.0], [0.17236512899398804, -1.1175870895385742e-08, 0.0, 0.0, 0.0, -0.11465408653020859, 0.9934054613113403], [0.4748542010784149, -0.07076632976531982, 0.0, 0.0, 0.0, -0.10703150928020477, 0.9942556023597717], [2.059269666671753, -0.415890097618103, 0.0, 0.0, 0.0, -0.5505054593086243, 0.8348315954208374], [2.4747719764709473, -1.38548743724823, 0.0, 0.0, 0.0, -0.02266964130103588, 0.9997429847717285], [5.056924343109131, -1.502650499343872, 0.0, 0.0, 0.0, -0.29001423716545105, 0.9570223093032837], [5.440661430358887, -1.7587422132492065, 0.0, 0.0, 0.0, -0.7636228203773499, 0.6456626057624817], [4.785441875457764, -5.645312786102295, 0.0, 0.0, 0.0, 0.06314021348953247, 0.998004674911499], [8.19223690032959, -5.2125091552734375, 0.0, 0.0, 0.0, 0.30699074268341064, 0.9517124891281128], [10.051819801330566, -3.873507499694824, 0.0, 0.0, 0.0, -0.4582136869430542, 0.8888420462608337], [10.97265625, -5.166563034057617, 0.0, 0.0, 0.0, -0.35121437907218933, 0.9362950921058655], [12.55058765411377, -6.544209003448486, 0.0, 0.0, 0.0, 0.03679046034812927, 0.9993230104446411], [13.250101089477539, -6.492635250091553, 0.0, 0.0, 0.0, 0.016548581421375275, 0.9998630881309509], [13.839107513427734, -6.473144054412842, 0.0, 0.0, 0.0, 0.010532471351325512, 0.9999445080757141], [13.839101791381836, -6.473155498504639, 0.0, 0.0, 0.0, 0.010532472282648087, 0.9999445080757141]]], "cost": [11.200798034667969]}