{"waypoints": [[[-2.6768386363983154, -1.2016938924789429, 0.00877954252064228], [-5.19865083694458, -3.07724666595459, -0.009454327635467052], [-7.485876560211182, -5.256740093231201, -0.01779218390583992], [-9.360733032226562, -7.790379047393799, -0.0015639923512935638], [-11.564240455627441, -10.041133880615234, -0.0022418545559048653]]], "x_traj": [[[0.0, 0.0, 0.0, 0.0, 0.0, 0.0, 1.0], [-1.082143783569336, 2.682209014892578e-07, 0.0, 0.0, 0.0, -0.017766034230589867, 0.9998421669006348], [-0.11260908097028732, -0.03446562960743904, 0.0, 0.0, 0.0, -0.46377265453338623, 0.8859542608261108], [-0.4329751133918762, 0.42754051089286804, 0.0, 0.0, 0.0, 0.2561536133289337, 0.9666361212730408], [-3.145979404449463, -1.118919849395752, 0.0, 0.0, 0.0, 0.9905284643173218, 0.13730767369270325], [-0.1645817756652832, -1.9616804122924805, 0.0, 0.0, 0.0, -0.7950727343559265, 0.6065140962600708], [-0.6731362342834473, -3.8175551891326904, 0.0, -0.0, -0.0, -0.6528378129005432, 0.7574977278709412], [-2.2354416847229004, 6.6508355140686035, 0.0, 0.0, 0.0, -0.8728904128074646, 0.48791635036468506], [-9.632669448852539, -5.376684665679932, 0.0, 0.0, 0.0, -0.9320863485336304, 0.36223626136779785], [-12.577138900756836, -8.07244873046875, 0.0, 0.0, 0.0, 0.8386208415031433, 0.5447155833244324], [-17.285640716552734, 2.508221387863159, 0.0, 0.0, 0.0, -0.10924708098173141, 0.9940146207809448], [29.671146392822266, -7.939539909362793, 0.0, 0.0, 0.0, -0.15908381342887878, 0.9872651100158691], [5.513872146606445, 0.05319631099700928, 0.0, 0.0, 0.0, 0.9808713793754578, 0.19465668499469757], [87.53882598876953, -33.83772277832031, 0.0, 0.0, 0.0, 0.30711743235588074, 0.9516716599464417], [87.538818359375, -33.83772277832031, 0.0, 0.0, 0.0, 0.30711743235588074, 0.9516716599464417]]], "cost": [13223.8251953125]}