{"waypoints": [[[-3.1160013675689697, -0.07243446260690689, -0.0035027731209993362], [-6.168030261993408, -0.43014267086982727, 0.004538378678262234], [-9.240228652954102, -0.7370618581771851, 0.006228052079677582], [-12.233148574829102, -1.3964365720748901, 0.000660821795463562], [-15.208720207214355, -1.5198661088943481, -0.0019394652917981148]]], "x_traj": [[[0.0, 0.0, 0.0, 0.0, 0.0, 0.0, 1.0], [-1.1203171014785767, 4.470348358154297e-08, 0.0, 0.0, 0.0, 0.16093352437019348, 0.9869652390480042], [-0.026885420083999634, 0.3663276731967926, 0.0, 0.0, 0.0, -0.4732987880706787, 0.8809019327163696], [-1.3032501935958862, 2.2945055961608887, 0.0, 0.0, 0.0, 0.9959737062454224, 0.08964547514915466], [2.158627986907959, 1.666222095489502, 0.0, 0.0, 0.0, 0.03463200107216835, 0.9994001388549805], [12.639548301696777, 2.393481731414795, 0.0, 0.0, 0.0, -0.22751136124134064, 0.9737754464149475], [-1.7375457286834717, 9.499460220336914, 0.0, 0.0, 0.0, -0.42309486865997314, 0.9060853719711304], [4.715237617492676, 1.792883276939392, 0.0, -0.0, -0.0, -0.5943964719772339, 0.8041720986366272], [0.8185896873474121, 14.490066528320312, 0.0, -0.0, -0.0, 0.5709179639816284, 0.8210071325302124], [-6.264254093170166, -4.584190845489502, 0.0, -0.0, -0.0, -0.9836130738258362, 0.18029259145259857], [-4.736047744750977, -4.004485607147217, 0.0, -0.0, -0.0, -0.5017421245574951, 0.8650172352790833], [2.164454936981201, -16.068403244018555, 0.0, -0.0, -0.0, -0.9790919423103333, 0.20341822504997253], [70.60028839111328, 13.651193618774414, 0.0, -0.0, -0.0, -0.9019683003425598, 0.43180230259895325], [-9.26803207397461, -85.55719757080078, 0.0, -0.0, -0.0, -0.9999074935913086, 0.013599648140370846], [-9.268021583557129, -85.55719757080078, 0.0, 0.0, 0.0, -0.9999074935913086, 0.013599648140370846]]], "cost": [8767.67578125]}