{"waypoints": [[[1.8487465381622314, 0.001616666093468666, 0.0031986404210329056], [3.679939031600952, 0.025888146832585335, 0.007695971988141537], [5.517655849456787, 0.0568937323987484, -0.002902783453464508], [7.346487998962402, 0.13751082122325897, -0.0008094441145658493], [9.184704780578613, 0.23726096749305725, 0.0005545159801840782]]], "x_traj": [[[0.0, 0.0, 0.0, 0.0, 0.0, 0.0, 1.0], [0.13054755330085754, -2.211243554484099e-06, 0.0, 0.0, 0.0, 0.0006065490306355059, 0.9999998211860657], [0.3169315755367279, 0.00022630974126514047, 0.0, 0.0, 0.0, 0.0005140986759215593, 0.9999998807907104], [1.3841627836227417, 0.0013275551609694958, 0.0, 0.0, 0.0, 0.004426893778145313, 0.9999902248382568], [1.8546900749206543, 0.005497153382748365, 0.0, 0.0, 0.0, 0.002308727940544486, 0.9999973177909851], [3.2136878967285156, 0.011771835386753082, 0.0, 0.0, 0.0, 0.01303133089095354, 0.9999150633811951], [3.6897923946380615, 0.024169540032744408, 0.0, 0.0, 0.0, 0.004234061110764742, 0.9999910593032837], [5.0490217208862305, 0.03567793220281601, 0.0, 0.0, 0.0, 0.019743919372558594, 0.9998050928115845], [5.525404453277588, 0.054497092962265015, 0.0, 0.0, 0.0, 0.014638551510870457, 0.9998928308486938], [6.881740570068359, 0.09421978890895844, 0.0, 0.0, 0.0, 0.03510107845067978, 0.9993837475776672], [7.356142520904541, 0.12758539617061615, 0.0, 0.0, 0.0, 0.02215568535029888, 0.9997545480728149], [8.587437629699707, 0.1821870356798172, 0.0, 0.0, 0.0, 0.04307571426033974, 0.9990717768669128], [8.879257202148438, 0.2074025422334671, 0.0, 0.0, 0.0, 0.01940392702817917, 0.9998117089271545], [9.177935600280762, 0.21900254487991333, 0.0, 0.0, 0.0, 0.03667910397052765, 0.9993270635604858], [9.177936553955078, 0.21900495886802673, 0.0, 0.0, 0.0, 0.03667910397052765, 0.9993270635604858]]], "cost": [0.04976152628660202]}