{"waypoints": [[[2.119767427444458, 0.010062260553240776, 0.0035848673433065414], [4.221503257751465, -0.009100707247853279, 0.008746637962758541], [6.329792022705078, -0.015293288975954056, -0.003373876214027405], [8.428661346435547, 0.06920528411865234, -0.001107705757021904], [10.53524112701416, 0.22806034982204437, 0.0016685118898749352]]], "x_traj": [[[0.0, 0.0, 0.0, 0.0, 0.0, 0.0, 1.0], [0.14968496561050415, 1.6676203813403845e-06, 0.0, 0.0, 0.0, 0.0005403730901889503, 0.9999998807907104], [0.36339786648750305, 0.00022692015045322478, 0.0, 0.0, 0.0, 0.0007603989797644317, 0.9999997019767761], [1.5872589349746704, 0.00208851951174438, 0.0, 0.0, 0.0, 0.002197154564782977, 0.999997615814209], [2.1269736289978027, 0.0044561512768268585, 0.0, 0.0, 0.0, -0.0013362595345824957, 0.9999991059303284], [3.6863203048706055, 0.0002862121909856796, 0.0, 0.0, 0.0, -0.006725718267261982, 0.9999774098396301], [4.232638835906982, -0.007052820175886154, 0.0, 0.0, 0.0, 0.0038396441377699375, 0.9999926090240479], [5.792130470275879, 0.0048788138665258884, 0.0, 0.0, 0.0, 0.002017073333263397, 0.9999979734420776], [6.338210105895996, 0.00706196203827858, 0.0, 0.0, 0.0, 0.004716702736914158, 0.999988853931427], [7.89419412612915, 0.021742135286331177, 0.0, 0.0, 0.0, 0.045241739600896835, 0.9989760518074036], [8.434816360473633, 0.07080366462469101, 0.0, 0.0, 0.0, 0.015982741490006447, 0.9998722672462463], [9.852670669555664, 0.11614423990249634, 0.0, 0.0, 0.0, 0.07508262991905212, 0.9971773028373718], [10.185074806213379, 0.1664944589138031, 0.0, 0.0, 0.0, 0.01957886666059494, 0.9998083114624023], [10.531477928161621, 0.18006449937820435, 0.0, 0.0, 0.0, 0.05758598446846008, 0.9983405470848083], [10.531477928161621, 0.18006226420402527, 0.0, 0.0, 0.0, 0.05758599191904068, 0.9983405470848083]]], "cost": [0.07256714999675751]}