{"waypoints": [[[1.7777278423309326, -0.03807953745126724, 0.003157408908009529], [3.53904390335083, -0.042099662125110626, 0.0075035979971289635], [5.305612564086914, -0.022275079041719437, -0.002910289913415909], [7.063325881958008, 0.05889146402478218, -0.0006586071103811264], [8.829431533813477, 0.19695530831813812, 2.8981827199459076e-05]]], "x_traj": [[[0.0, 0.0, 0.0, 0.0, 0.0, 0.0, 1.0], [0.1254802793264389, -5.4977135732769966e-08, 0.0, 0.0, 0.0, -0.0029798971954733133, 0.9999955892562866], [0.3047640323638916, -0.0010682763531804085, 0.0, 0.0, 0.0, -0.004019533284008503, 0.9999919533729553], [1.3310258388519287, -0.00931992381811142, 0.0, 0.0, 0.0, -0.01648760586977005, 0.9998640418052673], [1.783738374710083, -0.024253452196717262, 0.0, 0.0, 0.0, -0.00249597174115479, 0.9999969005584717], [3.0905661582946777, -0.030773691833019257, 0.0, 0.0, 0.0, 0.0013477554311975837, 0.9999991059303284], [3.5476670265197754, -0.029540173709392548, 0.0, 0.0, 0.0, -0.007678020745515823, 0.999970555305481], [4.85462760925293, -0.049612097442150116, 0.0, 0.0, 0.0, 0.025441089645028114, 0.9996763467788696], [5.312216281890869, -0.026301680132746696, 0.0, 0.0, 0.0, 0.005704307928681374, 0.9999837279319763], [6.617549419403076, -0.011407643556594849, 0.0, 0.0, 0.0, 0.05015253275632858, 0.9987415671348572], [7.074402332305908, 0.03459294140338898, 0.0, 0.0, 0.0, 0.028349608182907104, 0.9995980858802795], [8.257755279541016, 0.10176914930343628, 0.0, 0.0, 0.0, 0.06712424010038376, 0.997744619846344], [8.539119720458984, 0.13979747891426086, 0.0, 0.0, 0.0, 0.029950911179184914, 0.9995513558387756], [8.824979782104492, 0.1569446325302124, 0.0, 0.0, 0.0, 0.056201912462711334, 0.9984194040298462], [8.824980735778809, 0.15694522857666016, 0.0, 0.0, 0.0, 0.05620191618800163, 0.9984194040298462]]], "cost": [0.05390802398324013]}