{"waypoints": [[[2.588143825531006, -0.006753629073500633, 0.004468059167265892], [5.147917747497559, -0.08352165669202805, 0.010805479250848293], [7.71810245513916, -0.16316746175289154, -0.004737734794616699], [10.277231216430664, -0.11652539670467377, -0.000838523730635643], [12.8489990234375, 0.10719753801822662, 0.0005901148542761803]]], "x_traj": [[[0.0, 0.0, 0.0, 0.0, 0.0, 0.0, 1.0], [0.18275699019432068, 1.2654345482587814e-07, 0.0, 0.0, 0.0, -0.0013596636708825827, 0.9999991059303284], [0.4436826705932617, -0.0007031397544778883, 0.0, 0.0, 0.0, -0.0011779534397646785, 0.9999992847442627], [1.937482237815857, -0.0042216237634420395, 0.0, 0.0, 0.0, -0.00940040685236454, 0.9999558329582214], [2.595818042755127, -0.016605598852038383, 0.0, 0.0, 0.0, -0.005474522709846497, 0.9999850392341614], [4.496571063995361, -0.03741932660341263, 0.0, 0.0, 0.0, -0.02703118696808815, 0.9996345639228821], [5.162191867828369, -0.07344499230384827, 0.0, 0.0, 0.0, -0.009320500306785107, 0.9999565482139587], [7.063607692718506, -0.10888895392417908, 0.0, 0.0, 0.0, -0.017117202281951904, 0.9998534917831421], [7.72885274887085, -0.13167238235473633, 0.0, 0.0, 0.0, -0.0076331100426614285, 0.9999708533287048], [9.62549877166748, -0.16062664985656738, 0.0, 0.0, 0.0, 0.041833121329545975, 0.9991245865821838], [10.282373428344727, -0.1055251955986023, 0.0, 0.0, 0.0, 0.01505684107542038, 0.9998866319656372], [12.016626358032227, -0.05328190326690674, 0.0, 0.0, 0.0, 0.09467744082212448, 0.9955080151557922], [12.415691375732422, 0.023312419652938843, 0.0, 0.0, 0.0, 0.02355310507118702, 0.9997225999832153], [12.84676742553711, 0.04363751411437988, 0.0, 0.0, 0.0, 0.06377182900905609, 0.9979645013809204], [12.84676742553711, 0.043639302253723145, 0.0, 0.0, 0.0, 0.06377182900905609, 0.9979645013809204]]], "cost": [0.11124374717473984]}