{"waypoints": [[[1.9594388008117676, -2.380164861679077, 0.009421074762940407], [2.98478102684021, -5.25318717956543, 0.013948599807918072], [3.972311496734619, -8.135285377502441, -0.006674334406852722], [4.873377799987793, -11.04800796508789, -0.004099586978554726], [5.979493618011475, -13.928389549255371, 0.00217373576015234]]], "x_traj": [[[0.0, 0.0, 0.0, 0.0, 0.0, 0.0, 1.0], [0.04544985294342041, -9.313225746154785e-10, 0.0, 0.0, 0.0, -0.21156540513038635, 0.9773638248443604], [0.328170508146286, -0.12841567397117615, 0.0, 0.0, 0.0, -0.2030942291021347, 0.9791591763496399], [1.6109015941619873, -0.6844579577445984, 0.0, 0.0, 0.0, -0.8195940852165222, 0.5729445815086365], [1.115427017211914, -2.0392584800720215, 0.0, 0.0, 0.0, -0.35028311610221863, 0.9366438984870911], [3.204517126083374, -3.855869770050049, 0.0, 0.0, 0.0, -0.4995666742324829, 0.866275429725647], [3.1027140617370605, -3.679947853088379, 0.0, -0.0, -0.0, 0.6773727536201477, 0.7356399893760681], [3.095604658126831, -3.7660021781921387, 0.0, 0.0, 0.0, -0.7644342184066772, 0.6447017788887024], [2.571702480316162, -6.8266682624816895, 0.0, 0.0, 0.0, 0.05396765470504761, 0.9985426664352417], [4.500146389007568, -6.6176066398620605, 0.0, 0.0, 0.0, -0.9933995008468628, 0.11470556259155273], [2.862060070037842, -7.001010894775391, 0.0, 0.0, 0.0, 0.9448458552360535, 0.3275153934955597], [-12.995333671569824, 5.4937028884887695, 0.0, 0.0, 0.0, 0.2217496633529663, 0.9751036167144775], [31.145462036132812, 26.664825439453125, 0.0, 0.0, 0.0, 0.7923733592033386, 0.6100364327430725], [21.604896545410156, 62.73430633544922, 0.0, 0.0, 0.0, -0.9050746560096741, 0.425252765417099], [21.60489273071289, 62.73430633544922, 0.0, 0.0, 0.0, -0.9050746560096741, 0.425252765417099]]], "cost": [6500.8515625]}