{"waypoints": [[[2.707829475402832, 0.01573164202272892, 0.004605671390891075], [5.387420177459717, -0.07251737266778946, 0.011248975060880184], [8.078651428222656, -0.15929967164993286, -0.004881322383880615], [10.757710456848145, -0.11594881117343903, -0.001052936539053917], [13.448955535888672, 0.08693034946918488, 0.0012565096840262413]]], "x_traj": [[[0.0, 0.0, 0.0, 0.0, 0.0, 0.0, 1.0], [0.19121310114860535, -3.569875843822956e-07, 0.0, 0.0, 0.0, 0.00034620173391886055, 0.9999999403953552], [0.4642126262187958, 0.000190410966752097, 0.0, 0.0, 0.0, 0.0005706871743313968, 0.9999998211860657], [2.027327299118042, 0.0020006420090794563, 0.0, 0.0, 0.0, -0.0010845597134903073, 0.9999994039535522], [2.7162251472473145, 0.0005078259855508804, 0.0, 0.0, 0.0, -0.007602030877023935, 0.9999710917472839], [4.705119609832764, -0.02973473072052002, 0.0, 0.0, 0.0, -0.031435348093509674, 0.9995057582855225], [5.40081262588501, -0.07357294857501984, 0.0, 0.0, 0.0, -0.0012052374659106135, 0.9999992847442627], [7.394168853759766, -0.07837531715631485, 0.0, 0.0, 0.0, -0.0237264484167099, 0.9997184872627258], [8.090965270996094, -0.1114705428481102, 0.0, 0.0, 0.0, -0.013076778501272202, 0.9999144673347473], [10.074646949768066, -0.16336655616760254, 0.0, 0.0, 0.0, 0.04498497396707535, 0.9989876747131348], [10.757843971252441, -0.10171198844909668, 0.0, 0.0, 0.0, 0.010103106498718262, 0.9999489784240723], [12.577162742614746, -0.06494593620300293, 0.0, 0.0, 0.0, 0.09114284813404083, 0.9958378076553345], [12.994117736816406, 0.012021943926811218, 0.0, 0.0, 0.0, 0.017885684967041016, 0.9998400211334229], [13.445815086364746, 0.028184711933135986, 0.0, 0.0, 0.0, 0.057743363082408905, 0.9983314275741577], [13.44581413269043, 0.028181850910186768, 0.0, 0.0, 0.0, 0.057743363082408905, 0.9983314275741577]]], "cost": [0.1228497102856636]}