{"waypoints": [[[2.998126745223999, -0.47869768738746643, 0.006417242810130119], [5.94590425491333, -1.0899906158447266, 0.011434330604970455], [8.892988204956055, -1.7694730758666992, -0.0034790560603141785], [11.807487487792969, -2.489812135696411, -0.0023205559700727463], [14.759749412536621, -3.1214683055877686, 0.003370254300534725]]], "x_traj": [[[0.0, 0.0, 0.0, 0.0, 0.0, 0.0, 1.0], [0.20881254971027374, -1.210719347000122e-08, 0.0, 0.0, 0.0, -0.041851043701171875, 0.9991238713264465], [0.5140251517295837, -0.02561415173113346, 0.0, 0.0, 0.0, -0.038751646876335144, 0.9992488622665405], [2.2388675212860107, -0.15959694981575012, 0.0, 0.0, 0.0, -0.218507319688797, 0.9758353233337402], [2.9781651496887207, -0.5081626772880554, 0.0, 0.0, 0.0, -0.008369787596166134, 0.9999649524688721], [5.253132343292236, -0.5462481379508972, 0.0, 0.0, 0.0, -0.14053961634635925, 0.9900750517845154], [6.005432605743408, -0.7642159461975098, 0.0, 0.0, 0.0, -0.26490503549575806, 0.964274525642395], [8.036048889160156, -1.970994472503662, 0.0, 0.0, 0.0, -0.05811898782849312, 0.9983096718788147], [8.877836227416992, -2.069347620010376, 0.0, 0.0, 0.0, 0.0017693227855488658, 0.9999984502792358], [11.079174041748047, -2.0615572929382324, 0.0, 0.0, 0.0, -0.19077354669570923, 0.9816340804100037], [11.824140548706055, -2.362480640411377, 0.0, 0.0, 0.0, -0.18855726718902588, 0.9820622205734253], [13.705072402954102, -3.1124091148376465, 0.0, 0.0, 0.0, -0.14887875318527222, 0.9888554811477661], [14.161483764648438, -3.253030300140381, 0.0, 0.0, 0.0, 0.06882262974977493, 0.997628927230835], [14.737420082092285, -3.173186779022217, 0.0, 0.0, 0.0, -0.16105049848556519, 0.986946165561676], [14.737420082092285, -3.1731865406036377, 0.0, 0.0, 0.0, -0.16105049848556519, 0.986946165561676]]], "cost": [0.7420442700386047]}